ticker,title,date,content,url
ABBV,AbbVie's Latest Results Reveal a Trend Investors Shouldn't Overlook - The Globe and Mail,2026-05-04 21:03:36,"The company's two biggest growth drivers continue to exceed expectations. AbbVie(NYSE: ABBV) has not performed well this year, but the company's recent first-quarter update, released on April 29, helped breathe new life into the stock, which jumped by more than 3% post-earnings. Could this be the start of a sustained rally? It's hard to say. However, AbbVie's financial results once again highlighted one of the company's strengths that investors should pay attention to. Let's look into it and consider what it means for AbbVie's prospects. Will AI create the world's first trillionaire? Our team just released a report on the one little-known company, called an ""Indispensable Monopoly"" providing the critical technology Nvidia and Intel both need. Continue » AbbVie's revenue for the first quarter came in at $15 billion, 12.4% higher than the year-ago period. The company had projected sales of $14.7 billion for the period, so this is a nice surprise. The pharmaceutical leader singled out several areas that drove the revenue beat, including its immunology business. That's the trend investors shouldn't miss. AbbVie has been a leader in immunology for a while, dating back to the days when Humira -- once the world's best-selling drug -- was its biggest growth driver. Now, it is Skyrizi and Rinvoq, two immunosuppressants that continue to outpace AbbVie's (and the market's) expectations. Management said during the company's earnings conference call that both Skyrizi and Rinvoq posted sales that were higher than what it anticipated, but it's worth taking a stroll further down memory lane. For some time, AbbVie projected that Skyrizi and Rinvoq would exceed $27 billion in combined sales by 2027. Then, it raised that guidance by $4 billion to $31 billion. AbbVie made yet another change at the beginning of this year. The company announced that it now expects Skyrizi and Rinvoq to generate over $31 billion in revenue this year, rather than in 2027. Here's more good news. Skyrizi and Rinvoq still have label expansions on the horizon that could further boost their sales. Rinvoq is awaiting approval as a treatment for alopecia areata, while a subcutaneous formulation of Skyrizi could earn a new indication as an induction treatment for Crohn's disease. Right now, Skyrizi patients have to start therapy with intravenous infusions, which limits its market potential compared to some competitors in this area. There is even more good news beyond potential new indications for Skyrizi and Rinvoq: neither will lose patent exclusivity until well into the 2030s.  Here's the bottom line: AbbVie's most important growth drivers are performing extremely well and should continue doing so for a while. AbbVie increased its earnings per share guidance for the fiscal year 2026 partly for that reason. That alone doesn't make the stock a buy. But when we consider other factors, including the rest of AbbVie's lineup that features several more growth drivers, the company's deep pipeline, and its robust dividend program (the company is a Dividend King, or a corporation with more than 50 consecutive annual payout increases), AbbVie looks like an attractive stock to buy and hold onto, especially as it is still down 10% year to date. The Motley Fool Stock Advisor analyst team just identified what they believe are the 10 best stocks for investors to buy now… and AbbVie wasn’t one of them. The 10 stocks that made the cut could produce monster returns in the coming years. Consider when Netflix made this list on December 17, 2004... if you invested $1,000 at the time of our recommendation, you’d have $496,473!* Or when Nvidia made this list on April 15, 2005... if you invested $1,000 at the time of our recommendation, you’d have $1,216,605!* Now, it’s worth noting Stock Advisor’s total average return is 968% — a market-crushing outperformance compared to 202% for the S&P 500. Don't miss the latest top 10 list, available with Stock Advisor, and join an investing community built by individual investors for individual investors. Prosper Junior Bakiny has no position in any of the stocks mentioned. The Motley Fool has positions in and recommends AbbVie. The Motley Fool has a disclosure policy. All market data (will open in new tab) is provided by Barchart Solutions. Copyright © 2026. Information is provided 'as is' and solely for informational purposes, not for trading purposes or advice. For exchange delays and terms of use, please read disclaimer (will open in new tab).",https://www.theglobeandmail.com/investing/markets/stocks/ABBV/pressreleases/1694468/abbvies-latest-results-reveal-a-trend-investors-shouldnt-overlook/
ABBV,ABBV Maintained by Evercore ISI Group -- Price Target Raised to $236 - GuruFocus,2026-05-04 20:51:38,"This website is using a security service to protect itself from online attacks. The action you just performed triggered the security solution. There are several actions that could trigger this block including submitting a certain word or phrase, a SQL command or malformed data. You can email the site owner to let them know you were blocked. Please include what you were doing when this page came up and the Cloudflare Ray ID found at the bottom of this page. Cloudflare Ray ID: 9f6c48b979262a93
•

        Your IP:
        Click to reveal
172.182.225.202
•

Performance & security by Cloudflare",https://www.gurufocus.com/news/8839951/abbv-maintained-by-evercore-isi-group-price-target-raised-to-236
ABBV,"ABBV Stock Up 5% on Robust Q1 Performance: Time to Buy, Sell or Hold? - Yahoo Finance",2026-05-04 17:51:00,"Tip: Try a valid symbol or a specific company name for relevant results The above button links to Coinbase. Yahoo Finance is not a broker-dealer or investment adviser and does not offer securities or cryptocurrencies for sale or facilitate trading. Coinbase pays us for certain activity generated through this link. Prices displayed are informational. AbbVie ABBV stock has risen around 5% since it announced robust first-quarter 2026 results on April 29. It beat estimates for both earnings and sales and the guidance for 2026 revenues and earnings was also raised. Earnings rose 7.7% year over year while revenues rose 10.3% on an operational basis. Key drugs Skyrizi and Rinvoq both beat estimates in the quarter. The company raised its EPS guidance for the full year from a range of $13.96-$14.16 to $14.08-$14.28. Total revenue guidance was raised from $67 billion to $67.3 billion in 2026. However, a single quarter’s results are not so important for long-term investors, and the focus should rather be on the company’s strong fundamentals. Let’s understand the company’s strengths and weaknesses to better analyze how to play AbbVie stock in the post-earnings scenario. Sales of AbbVie's blockbuster drug, Humira, are declining due to loss of exclusivity (LOE) and biosimilar erosion. However, AbbVie has successfully navigated the LOE of Humira, a drug that once generated more than 50% of its total revenues. It has accomplished this by launching two other successful new immunology medicines, Skyrizi and Rinvoq, which are performing extremely well, bolstered by approvals in new indications, and should support top-line growth in the next few years. Skyrizi and Rinvoq generated combined sales of $6.6 billion in the first quarter of 2025, reflecting strong demand for all approved indications. In 2026, AbbVie expects combined Skyrizi and Rinvoq sales of more than $31 billion. Combined, Skyrizi and Rinvoq are expected to deliver more than 20% growth in 2026. Strong immunology market growth, market share gains and momentum from new indications, as well as the potential for five new indications for Rinvoq over the next few years, are expected to drive the drug’s growth. Rinvoq could be approved for two indications — vitiligo and alopecia areata in 2026/early 2027. In addition, phase III data with Rinvoq in hidradenitis suppurativa and systemic lupus erythematosus are expected in 2026. AbbVie believes that the next wave of potential approvals in Rinvoq could add roughly $2 billion to peak-year sales for the product. However, AbbVie expects a low single-digit pricing headwind for both Skyrizi and Rinvoq in 2026 and over the next few years. Moreover, the launch of J&J’s JNJ new oral pill for moderate-to-severe plaque psoriasis, Icotyde, has increased competitive pressure for Skyrizi, which can impact the product’s prescription trends. However, AbbVie seems confident that it can navigate competition from Icotyde. AbbVie’s neuroscience portfolio is also contributing to top-line growth. Sales of its neuroscience drugs increased 24.3% to $2.88 billion in the first quarter of 2026, driven by higher sales of Botox Therapeutic, depression drug Vraylar, newer migraine drugs Ubrelvy and Qulipta and new Parkinson’s disease drug, Vyalev. The initial international launch uptake of Vyalev, a transformative therapy for treating advanced Parkinson’s disease, approved in late 2024, has been encouraging. AbbVie expects Vyalev to achieve blockbuster status in 2026. AbbVie’s Parkinson’s disease franchise, comprising Vyalev and once-daily oral treatment tavapadon (under review in the United States; FDA decision expected in the third quarter of 2026), is viewed as a key driver of growth in neuroscience. AbbVie believes that the Parkinson’s disease franchise has a more than $5 billion peak sales potential. AbbVie has built a substantial oncology franchise with Imbruvica and Venclexta. However, its oncology sales have slightly slowed down. Its oncology sales declined 3% to $1.63 billion in the first quarter, as higher Venclexta sales and contributions from new drugs, Elahere, Epkinly and Emrelis, were offset by an expected decline in Imbruvica sales. However, AbbVie believes the oncology pipeline is robust with several study readouts and initiations expected this year. AbbVie boasts a robust pipeline and expects important data readouts, regulatory submissions and approvals throughout 2026 Over the next couple of years, AbbVie expects new product approvals for tavapadon and pivekimab sunirine (blastic plasmacytoid dendritic cell neoplasm) and pivotal data readouts for key pipeline candidates, lutikizumab (hidradenitis suppurativa), Temab-A (metastatic colorectal cancer) and etentamig (third-line-plus multiple myeloma). These pipeline programs have the potential to drive long-term growth for AbbVie, while Skyrizi and Rinvoq should boost near-term growth. AbbVie is also evaluating Skyrizi-based combination regimens with candidates like ABBV-382 (anti-α4β7) and ABBV-701 (anti-TL1A) to create best-in-class, durable remission therapies in IBD. AbbVie has been on an acquisition spree over the past couple of years to bolster the early-stage pipeline that should drive long-term growth. It is signing several M&A deals in the immunology space, its core area, while also signing some early-stage deals in oncology and neuroscience. On the first-quarter conference call, CEO Robert Michael said the company still has significant financial capacity to pursue both early and late-stage opportunities. Sales of Humira are declining due to biosimilar erosion. The launch of Humira biosimilars in the United States in 2023 significantly eroded the drug’s sales in 2024 and 2025. Humira sales declined around 50% in 2025. Humira sales are expected to continue to decline in 2026 as more plans exclude branded Humira and move to exclusive biosimilar contracts. AbbVie has been seeing soft sales of its Aesthetics unit for the past couple of years. Continued macro challenges and economic headwinds are hurting Aesthetics 'sales. Global aesthetics sales are projected to be $5 billion in 2026, flat from 2025 levels, as moderate growth in Botox Cosmetic is likely to be offset by continued decline in Juvederm sales due to continued headwinds in key dermal filler markets. In line with this trend, Botox Cosmetic sales rose 17% while Juvederm sales declined 2.9% in the first quarter. Approval of a key new toxin, trenibotE, a fast-acting short-duration toxin, is delayed in the United States, with the FDA issuing a complete response letter to its regulatory filing due to manufacturing concerns. ABBV stock has risen 5.4% in the past year compared with an appreciation of 13.9% for the industry. From a valuation standpoint, AbbVie is reasonably priced. Going by the price/earnings ratio, the company’s shares currently trade at 13.83 forward earnings, lower than 16.95 for the industry. However, the stock is trading exactly at its five-year mean of 13.83.  The stock is cheaper than other large drugmakers like AstraZeneca AZN, Eli Lilly LLY and J&J. Earnings estimates for 2026 have risen from $14.24 to $14.27 over the past seven days, while those for 2027 have risen from $16.17 to $16.25 over the same time frame. AbbVie combats its share of headwinds, including the impact of Humira LOE, slowing oncology sales, evolving competitive dynamics for Skyrizi and continued macro woes for Aesthetics. However, the company has faced its biggest challenge — Humira’s patent cliff — quite well and looks well-positioned for continued strong growth in the years ahead. ABBV delivered robust net sales growth in 2025, which was just the second full year following the Humira LOE in the United States. AbbVie expects another year of robust growth in 2026. It expects total revenues to rise around 10% in 2026, backed mainly by significant momentum in immunology and neuroscience products, which are demonstrating significant growth and delivering share gains in growing markets. It expects high single-digit revenue growth through 2029, as the company has no significant LOE events for the rest of this decade. A substantial portion of this growth is expected to be driven by the robust performance of Skyrizi and Rinvoq. AbbVie also has the flexibility to invest more in R&D and continue acquiring external innovations. Long-term investors can continue to retain this Zacks Rank #3 (Hold) stock in their portfolio as the company enjoys strong fundamentals, a solid pipeline and growth outlook. You can see the complete list of today’s Zacks #1 Rank (Strong Buy) stocks here. Want the latest recommendations from Zacks Investment Research? Today, you can download 7 Best Stocks for the Next 30 Days. Click to get this free report Johnson & Johnson (JNJ) : Free Stock Analysis Report Eli Lilly and Company (LLY) : Free Stock Analysis Report This article originally published on Zacks Investment Research (zacks.com). Tip: Try a valid symbol or a specific company name for relevant results",https://finance.yahoo.com/markets/stocks/articles/abbv-stock-5-robust-q1-175100971.html
ABBV,"BMO Capital Maintains AbbVie(ABBV.US) With Buy Rating, Maintains Target Price $258 - Moomoo",2026-05-04 13:07:33,"To create a seamless experience and for website quality and improvement purposes, we use cookie technologies for verification and quality purposes, to personalize the content presented, and to provide advertising that may be of specific interest to you. Learn our Privacy Policy here. BMO Capital analyst Evan Seigerman maintains $AbbVie (ABBV.US)$ with a buy rating, and maintains the target price at $258. According to TipRanks data, the analyst has a success rate of 51.0% and a total average return of 7.9% over the past year. TipRanks, an independent third party, provides analysis data from financial analysts and calculates the Average Returns and Success Rates of the analysts' recommendations. The information presented is not an investment recommendation and is intended for informational purposes only. Success rate is the number of the analyst's successful ratings, divided by his/her total number of ratings over the past year. A successful rating is one based on if TipRanks' virtual portfolio earned a positive return from the stock. Total average return is the average rate of return that the TipRanks' virtual portfolio has earned over the past year. These portfolios are established based on the analyst's preliminary rating and are adjusted according to the changes in the rating. TipRanks provides a ranking of each analyst up to 5 stars, which is representative of all recommendations from the analyst. An analyst's past performance is evaluated on a scale of 1 to 5 stars, with more stars indicating better performance. The star level is determined by his/her total success rate and average return. Use the share button in your browser  to share the page with your friends Investment products and services are offered through Moomoo Financial Inc., Member SIPC./FINRA. For further information about Moomoo Financial Inc., please visit Financial Industry Regulatory Authority (FINRA)’s BrokerCheck. Options trading entails significant risk and is not appropriate for all customers. It is important that investors read Characteristics and Risks of Standardized Options before engaging in any options trading strategies. Options transactions are often complex and may involve the potential of losing the entire investment in a relatively short period of time. Certain complex options strategies carry additional risk, including the potential for losses that may exceed the original investment amount. Supporting documentation for any claims, if applicable, will be furnished upon request. $0 commission trading is available only to U.S. residents trading in the U.S. markets through Moomoo Financial Inc. Other fees may apply. For more info, visit moomoo.com/us/pricing Investing involves risk and the potential to lose principal. Electronic trading also involves risks. The responsiveness of the trading system may vary due to market conditions, system performance, and other factors. Account access and trade execution may be affected by factors such as market volatility. Investment products are not insured by the FDIC, not a deposit, and may decline in value. The services and products offered on the website are subject to applicable laws and regulations, as well as relevant service terms and policies. The services and products are not available to all customers or in all geographic areas or in any jurisdiction where it is unlawful for us to offer such services and products. Company Address：Moomoo Financial Inc. and Moomoo Technologies Inc, 185 Hudson St Ste. 2600, Jersey City, NJ 07302 Copyright © 2026 Moomoo Technologies Inc. All Rights Reserved.",https://www.moomoo.com/news/post/69341825/bmo-capital-maintains-abbvie-abbvus-with-buy-rating-maintains-target?level=1&data_ticket=1777945797894337
ABBV,AVIP BlackRock Advantage Large Cap Value Portfolio's AbbVie Inc(ABBV) Holding History - GuruFocus,2026-05-03 16:39:05,"This website is using a security service to protect itself from online attacks. The action you just performed triggered the security solution. There are several actions that could trigger this block including submitting a certain word or phrase, a SQL command or malformed data. You can email the site owner to let them know you were blocked. Please include what you were doing when this page came up and the Cloudflare Ray ID found at the bottom of this page. Cloudflare Ray ID: 9f6c496ce8172a93
•

        Your IP:
        Click to reveal
172.182.225.202
•

Performance & security by Cloudflare",https://www.gurufocus.com/guru-portfolio/AVIP%20BlackRock%20Advantage%20Large%20Cap%20Value%20Portfolio/ABBV
ABBV,"5,538 Shares in AbbVie Inc. $ABBV Acquired by Legacy Edge Advisors LLC - MarketBeat",2026-05-03 11:37:12,"Legacy Edge Advisors LLC bought a new position in  AbbVie Inc. (NYSE:ABBV - Free Report) in the fourth quarter, according to the company in its most recent 13F filing with the SEC. The fund bought 5,538 shares of the company's stock, valued at approximately $1,265,000. A number of other hedge funds also recently bought and sold shares of the company. Chelsea Counsel Co. purchased a new position in  AbbVie in the 3rd quarter worth approximately $26,000.  Westend Capital Management LLC purchased a new position in  AbbVie in the 4th quarter worth approximately $29,000.  Texas Capital Bancshares Inc TX purchased a new position in  AbbVie in the 3rd quarter worth approximately $31,000.  WestEnd Advisors LLC increased its stake in  AbbVie by 160.4% in the 4th quarter. WestEnd Advisors LLC now owns 138 shares of the company's stock worth $32,000 after purchasing an additional 85 shares during the period.  Finally, Caitlin John LLC purchased a new position in  AbbVie in the 3rd quarter worth approximately $33,000. Institutional investors own  70.23% of the company's stock. A number of equities analysts have commented on ABBV shares. Piper Sandler decreased their price target on AbbVie from $299.00 to $294.00 and set an ""overweight"" rating on the stock in a research note on Thursday, April 23rd. Sanford C. Bernstein  reaffirmed a ""market perform"" rating on shares of AbbVie in a research note on Thursday, February 5th. Canaccord Genuity Group lifted their price target on AbbVie from $262.00 to $265.00 and gave the stock a ""buy"" rating in a research note on Thursday. Royal Bank Of Canada started coverage on AbbVie in a research note on Tuesday, February 24th. They issued an ""outperform"" rating and a $260.00 price target on the stock. Finally, UBS Group decreased their price target on AbbVie from $240.00 to $230.00 and set a ""neutral"" rating on the stock in a research note on Thursday, February 5th. Three research analysts have rated the stock with a Strong Buy rating, sixteen have given a Buy rating and seven have given a Hold rating to the stock. According to MarketBeat.com, AbbVie  has a consensus rating of ""Moderate Buy"" and an average price target of $252.90. Here are the key news stories impacting AbbVie this week: In other news, SVP David Ryan Purdue sold 5,230 shares of the business's stock in a transaction that occurred on Wednesday, March 4th. The stock was sold at an average price of $233.56, for a total transaction of $1,221,518.80. Following the transaction, the senior vice president directly owned 2,654 shares of the company's stock, valued at approximately $619,868.24. The trade was a 66.34% decrease in their ownership of the stock. The transaction was disclosed in a filing with the Securities & Exchange Commission, which is accessible through this hyperlink. Also, EVP Perry C. Siatis sold 22,381 shares of the business's stock in a transaction that occurred on Wednesday, February 25th. The shares were sold at an average price of $230.00, for a total value of $5,147,630.00. Following the transaction, the executive vice president directly owned 38,137 shares in the company, valued at $8,771,510. This trade represents a 36.98% decrease in their ownership of the stock. The disclosure for this sale is available in the SEC filing. 0.06% of the stock is currently owned by insiders. ABBV opened at $206.63 on Friday. AbbVie Inc. has a 52-week low of $176.57 and a 52-week high of $244.81. The stock has a market capitalization of $365.36 billion, a PE ratio of 101.79, a price-to-earnings-growth ratio of 0.74 and a beta of 0.32. The stock's 50 day moving average price is $214.55 and its 200-day moving average price is $221.54. AbbVie (NYSE:ABBV - Get Free Report) last posted its earnings results on Wednesday, April 29th. The company reported $2.65 earnings per share (EPS) for the quarter, beating the consensus estimate of $2.59 by $0.06. AbbVie had a negative return on equity of 911.57% and a net margin of 5.79%.The firm had revenue of $15 billion for the quarter, compared to analysts' expectations of $14.72 billion. During the same period in the previous year, the firm earned $2.46 earnings per share. The business's revenue was up 12.4% compared to the same quarter last year.  Research analysts forecast that  AbbVie Inc. will post 14.29 EPS for the current fiscal year. The firm also recently announced a quarterly dividend, which will be paid on Friday, May 15th. Stockholders of record on Wednesday, April 15th will be paid a dividend of $1.73 per share. The ex-dividend date of this dividend is Wednesday, April 15th. This represents a $6.92 annualized dividend and a dividend yield of 3.3%. AbbVie's payout ratio is 340.89%. AbbVie is a global, research-driven biopharmaceutical company that was created as a spin-off from Abbott Laboratories in 2013 and is headquartered in North Chicago, Illinois. The company focuses on discovering, developing and commercializing therapies for complex and often chronic medical conditions. Its operations span research and development, manufacturing, regulatory affairs and commercialization, with an emphasis on bringing specialty medicines to market across multiple therapeutic areas. AbbVie's product portfolio and pipeline cover several major therapeutic categories, including immunology, oncology, neuroscience, virology and women's health. This instant news alert was generated by narrative science technology and financial data from MarketBeat in order to provide readers with the fastest reporting and unbiased coverage. Please send any questions or comments about this story to contact@marketbeat.com. Before you consider AbbVie, you'll want to hear this. MarketBeat keeps track of Wall Street's top-rated and best performing research analysts and the stocks they recommend to their clients on a daily basis. MarketBeat has identified the five stocks that top analysts are quietly whispering to their clients to buy now before the broader market catches on... and AbbVie wasn't on the list. While AbbVie currently has a Moderate Buy rating among analysts, top-rated analysts believe these five stocks are better buys. Wondering what the next stocks will be that hit it big, with solid fundamentals? Click the link to see which stocks MarketBeat analysts could become the next blockbuster growth stocks. Sign up for MarketBeat All Access to gain access to MarketBeat's full suite of research tools. 345 N Reid Place, Suite 620, Sioux Falls, SD 57103
                                        
                                        contact@marketbeat.com
                                        
                                        (844) 978-6257 © MarketBeat Media, LLC 2010-2026. All rights reserved. © 2026   Fair market value prices are updated every minute and are provided by Massive. Other market data provided is at least 10-minutes delayed and hosted by Barchart Solutions.  Information is provided 'as-is' and solely for informational purposes, not for trading purposes or advice, and is delayed. To see all exchange delays and terms of use please see Barchart's disclaimer. Enter your email address below to receive InsiderTrades.com’s daily insider buying and selling report for AbbVie and related companies.",https://www.marketbeat.com/instant-alerts/filing-5538-shares-in-abbvie-inc-abbv-acquired-by-legacy-edge-advisors-llc-2026-05-03/
ABBV,"Kornitzer Capital Management Inc. KS Acquires 5,020 Shares of AbbVie Inc. $ABBV - MarketBeat",2026-05-03 11:08:40,"Kornitzer Capital Management Inc. KS boosted its holdings in shares of  AbbVie Inc. (NYSE:ABBV - Free Report) by 22.7% in the 4th quarter, according to its most recent disclosure with the Securities and Exchange Commission (SEC). The fund owned 27,136 shares of the company's stock after purchasing an additional 5,020 shares during the period. Kornitzer Capital Management Inc. KS's holdings in AbbVie were worth $6,200,000 at the end of the most recent quarter. Several other institutional investors and hedge funds have also recently added to or reduced their stakes in the business. Centennial Wealth Advisory LLC lifted its stake in  AbbVie by 2.2% during the third quarter. Centennial Wealth Advisory LLC now owns 2,089 shares of the company's stock worth $484,000 after purchasing an additional 45 shares during the last quarter.  Weil Company Inc. lifted its stake in  AbbVie by 2.3% during the third quarter. Weil Company Inc. now owns 2,026 shares of the company's stock worth $469,000 after purchasing an additional 46 shares during the last quarter.  Hardin Capital Partners LLC lifted its stake in  AbbVie by 1.4% during the fourth quarter. Hardin Capital Partners LLC now owns 3,321 shares of the company's stock worth $759,000 after purchasing an additional 46 shares during the last quarter.  Inlet Private Wealth LLC lifted its stake in  AbbVie by 0.3% during the third quarter. Inlet Private Wealth LLC now owns 17,001 shares of the company's stock worth $3,937,000 after purchasing an additional 47 shares during the last quarter.  Finally, D.B. Root & Company LLC lifted its stake in shares of  AbbVie by 4.3% in the 3rd quarter. D.B. Root & Company LLC now owns 1,152 shares of the company's stock valued at $267,000 after acquiring an additional 47 shares during the last quarter. 70.23% of the stock is currently owned by institutional investors. A number of research analysts have recently commented on the company. Royal Bank Of Canada assumed coverage on AbbVie in a research note on Tuesday, February 24th. They issued an ""outperform"" rating and a $260.00 price target for the company. Canaccord Genuity Group increased their price target on AbbVie from $262.00 to $265.00 and gave the company a ""buy"" rating in a research note on Thursday. William Blair  reiterated an ""outperform"" rating on shares of AbbVie in a research note on Monday, March 9th. The Goldman Sachs Group  reiterated a ""neutral"" rating and issued a $223.00 price target on shares of AbbVie in a research note on Wednesday, January 28th. Finally, Barclays assumed coverage on AbbVie in a research note on Thursday, February 19th. They issued an ""overweight"" rating and a $275.00 price target for the company. Three analysts have rated the stock with a Strong Buy rating, sixteen have given a Buy rating and seven have given a Hold rating to the stock. According to data from MarketBeat, the company currently has an average rating of ""Moderate Buy"" and a consensus target price of $252.90. Shares of NYSE:ABBV opened at $206.63 on Friday. The firm has a market cap of $365.36 billion, a P/E ratio of 101.79, a P/E/G ratio of 0.74 and a beta of 0.32. AbbVie Inc. has a 12-month low of $176.57 and a 12-month high of $244.81. The business has a fifty day simple moving average of $214.55 and a 200 day simple moving average of $221.54. AbbVie (NYSE:ABBV - Get Free Report) last announced its earnings results on Wednesday, April 29th. The company reported $2.65 earnings per share (EPS) for the quarter, topping the consensus estimate of $2.59 by $0.06. The business had revenue of $15 billion during the quarter, compared to analyst estimates of $14.72 billion. AbbVie had a negative return on equity of 911.57% and a net margin of 5.79%.AbbVie's revenue for the quarter was up 12.4% compared to the same quarter last year. During the same period last year, the company earned $2.46 EPS.  As a group, equities research analysts expect that  AbbVie Inc. will post 14.29 EPS for the current year. The business also recently announced a quarterly dividend, which will be paid on Friday, May 15th. Investors of record on Wednesday, April 15th will be given a dividend of $1.73 per share. This represents a $6.92 annualized dividend and a yield of 3.3%. The ex-dividend date of this dividend is Wednesday, April 15th. AbbVie's dividend payout ratio (DPR) is currently 340.89%. In related news, EVP Perry C. Siatis sold 22,381 shares of the firm's stock in a transaction on Wednesday, February 25th. The stock was sold at an average price of $230.00, for a total transaction of $5,147,630.00. Following the completion of the transaction, the executive vice president directly owned 38,137 shares of the company's stock, valued at $8,771,510. This trade represents a 36.98% decrease in their position. The sale was disclosed in a document filed with the Securities & Exchange Commission, which is available at this hyperlink. Also, SVP David Ryan Purdue sold 5,230 shares of the firm's stock in a transaction on Wednesday, March 4th. The stock was sold at an average price of $233.56, for a total value of $1,221,518.80. Following the transaction, the senior vice president directly owned 2,654 shares of the company's stock, valued at approximately $619,868.24. This represents a 66.34% decrease in their ownership of the stock. The disclosure for this sale is available in the SEC filing. 0.06% of the stock is owned by company insiders. Here are the key news stories impacting AbbVie this week: AbbVie is a global, research-driven biopharmaceutical company that was created as a spin-off from Abbott Laboratories in 2013 and is headquartered in North Chicago, Illinois. The company focuses on discovering, developing and commercializing therapies for complex and often chronic medical conditions. Its operations span research and development, manufacturing, regulatory affairs and commercialization, with an emphasis on bringing specialty medicines to market across multiple therapeutic areas. AbbVie's product portfolio and pipeline cover several major therapeutic categories, including immunology, oncology, neuroscience, virology and women's health. Want to see what other hedge funds are holding ABBV? Visit HoldingsChannel.com to get the latest 13F filings and insider trades for AbbVie Inc. (NYSE:ABBV - Free Report). This instant news alert was generated by narrative science technology and financial data from MarketBeat in order to provide readers with the fastest reporting and unbiased coverage. Please send any questions or comments about this story to contact@marketbeat.com. Before you consider AbbVie, you'll want to hear this. MarketBeat keeps track of Wall Street's top-rated and best performing research analysts and the stocks they recommend to their clients on a daily basis. MarketBeat has identified the five stocks that top analysts are quietly whispering to their clients to buy now before the broader market catches on... and AbbVie wasn't on the list. While AbbVie currently has a Moderate Buy rating among analysts, top-rated analysts believe these five stocks are better buys. With the proliferation of data centers and electric vehicles, the electric grid will only get more strained. Download this report to learn how energy stocks can play a role in your portfolio as the global demand for energy continues to grow. Sign up for MarketBeat All Access to gain access to MarketBeat's full suite of research tools. 345 N Reid Place, Suite 620, Sioux Falls, SD 57103
                                        
                                        contact@marketbeat.com
                                        
                                        (844) 978-6257 © MarketBeat Media, LLC 2010-2026. All rights reserved. © 2026   Fair market value prices are updated every minute and are provided by Massive. Other market data provided is at least 10-minutes delayed and hosted by Barchart Solutions.  Information is provided 'as-is' and solely for informational purposes, not for trading purposes or advice, and is delayed. To see all exchange delays and terms of use please see Barchart's disclaimer.",https://www.marketbeat.com/instant-alerts/filing-kornitzer-capital-management-inc-ks-acquires-5020-shares-of-abbvie-inc-abbv-2026-05-03/
ABBV,Assessing AbbVie (ABBV) Valuation After Raised Guidance And Strong Q1 Growth Drivers - simplywall.st,2026-05-03 06:49:25,"AbbVie (ABBV) just posted first quarter 2026 results that topped Wall Street expectations, with management lifting full year revenue and EPS guidance after solid contributions from immunology, neuroscience and migraine treatments. Despite strong product news and an earnings beat, AbbVie’s share price return has slipped year to date with a 9.9% decline. The 1 year total shareholder return of 7.5% and 5 year total shareholder return of about 2.2x suggest longer term holders have still seen meaningful gains as investors reassess growth drivers and risk around new therapies. If AbbVie’s recent updates have you thinking about where healthcare and AI intersect, it could be worth seeing what else is out there through 33 healthcare AI stocks With AbbVie trading at about $206.60, showing an intrinsic discount flag of roughly 48% and more than 20% room to one analyst price target, you have to ask: is there a genuine opportunity here, or is the market already baking in future growth? The most followed AbbVie narrative pegs fair value at about $249, comfortably above the recent $206.60 close, and builds that gap on earnings and margin assumptions that stretch well beyond today’s financials. AbbVie''s diversified and expanding late-stage and early-stage pipeline, coupled with consistent business development activity (e.g., Capstan in vivo CAR-T, Gubra amylin analog for obesity, next-gen siRNA platforms), positions the company to capitalize on the increasing adoption of biologics and specialty pharmaceuticals, which can reinforce premium pricing and protect net margins. Want to see what this story is really built on? The narrative leans heavily on future earnings, richer margins and a punchy valuation multiple. Curious which forecasts do the heavy lifting. Have a read of the narrative in full and understand what's behind the forecasts. However, that story can unravel quickly if pricing pressure intensifies or key immunology and neuroscience drugs face faster than expected competitive or regulatory setbacks. Find out about the key risks to this AbbVie narrative. So far the story leans on future cash flows and analyst fair value around $249 per share. A simple P/E check paints a very different picture, with AbbVie trading at 101.6x earnings versus about 17x for the US Biotechs industry, 21.4x for peers and a fair ratio of 36.4x. That kind of gap can either signal mispricing or just highlight how much has to go right for current expectations to hold. Which side do you think it is? To pressure test those earnings based signals further, it helps to see what the numbers say in context of similar companies, not just AbbVie in isolation, through See what the numbers say about this price — find out in our valuation breakdown. Mixed messages or early signs of a turning point: either way, it helps to move quickly and weigh both sides of the story using our breakdown of 3 key rewards and 5 important warning signs If AbbVie has sharpened your thinking, do not stop here. Broader ideas can help you spot what others miss before the story is obvious. This article by Simply Wall St is general in nature. We provide commentary based on historical data
    and analyst forecasts only using an unbiased methodology and our articles are not intended to be financial advice. It does not constitute a recommendation to buy or sell any stock, and does not take account of your objectives, or your
    financial situation. We aim to bring you long-term focused analysis driven by fundamental data.
    Note that our analysis may not factor in the latest price-sensitive company announcements or qualitative material.
    Simply Wall St has no position in any stocks mentioned. We've created the ultimate portfolio companion for stock investors, and it's free. • Connect an unlimited number of Portfolios and see your total in one currency• Be alerted to new Warning Signs or Risks via email or mobile• Track the Fair Value of your stocks Have feedback on this article? Concerned about the content? Get in touch with us directly. Alternatively, email editorial-team@simplywallst.com A research-based biopharmaceutical company, engages in the research and development, manufacturing, commercializing, and sale of medicines and therapies worldwide. Moderate risk with reasonable growth potential and pays a dividend. Financial Data provided by S&P Global Market Intelligence LLC, analysis provided by Simply Wall Street Pty Ltd. Copyright © 2026, S&P Global Market Intelligence LLC. All rights reserved. Simply Wall Street Pty Ltd (ACN 600 056 611), is a Corporate Authorised Representative (Authorised Representative Number: 467183) of Sanlam Private Wealth Pty Ltd (AFSL No. 337927). Any advice contained in this website is general advice only and has been prepared without considering your objectives, financial situation or needs. You should not rely on any advice and/or information contained in this website and before making any investment decision we recommend that you consider whether it is appropriate for your situation and seek appropriate financial, taxation and legal advice. Please read our Financial Services Guide before deciding whether to obtain financial services from us. © 2026 Simply Wall Street Pty Ltd, US Design Patent #29/544/281, Community and European Design Registration #2845206",https://simplywall.st/stocks/us/pharmaceuticals-biotech/nyse-abbv/abbvie/news/assessing-abbvie-abbv-valuation-after-raised-guidance-and-st
ABBV,AbbVie (ABBV) Reports Q1 Revenue Growth Despite Earnings Miss - GuruFocus,2026-05-02 18:11:30,"This website is using a security service to protect itself from online attacks. The action you just performed triggered the security solution. There are several actions that could trigger this block including submitting a certain word or phrase, a SQL command or malformed data. You can email the site owner to let them know you were blocked. Please include what you were doing when this page came up and the Cloudflare Ray ID found at the bottom of this page. Cloudflare Ray ID: 9f6c4930de212a93
•

        Your IP:
        Click to reveal
172.182.225.202
•

Performance & security by Cloudflare",https://www.gurufocus.com/news/8838963/abbvie-abbv-reports-q1-revenue-growth-despite-earnings-miss
ABBV,AbbVie Inc. Just Missed Earnings - But Analysts Have Updated Their Models - Yahoo Finance UK,2026-05-02 12:12:45,"Tip: Try a valid symbol or a specific company name for relevant results It's been a good week for AbbVie Inc. (NYSE:ABBV) shareholders, because the company has just released its latest quarterly results, and the shares gained 4.0% to US$207. It looks like a pretty bad result, all things considered. Although revenues of US$15b were in line with analyst predictions, statutory earnings fell badly short, missing estimates by 69% to hit US$0.39 per share. Earnings are an important time for investors, as they can track a company's performance, look at what the analysts are forecasting for next year, and see if there's been a change in sentiment towards the company. So we gathered the latest post-earnings forecasts to see what estimates suggest is in store for next year. AI is about to change healthcare. These 20 stocks are working on everything from early diagnostics to drug discovery. The best part - they are all under $10bn in marketcap - there is still time to get in early. Taking into account the latest results, the most recent consensus for AbbVie from 27 analysts is for revenues of US$67.4b in 2026. If met, it would imply a credible 7.2% increase on its revenue over the past 12 months. Statutory earnings per share are predicted to jump 318% to US$8.50. In the lead-up to this report, the analysts had been modelling revenues of US$67.1b and earnings per share (EPS) of US$8.65 in 2026. The consensus analysts don't seem to have seen anything in these results that would have changed their view on the business, given there's been no major change to their estimates. It will come as no surprise then, to learn that the consensus price target is largely unchanged at US$250. That's not the only conclusion we can draw from this data however, as some investors also like to consider the spread in estimates when evaluating analyst price targets. The most optimistic AbbVie analyst has a price target of US$294 per share, while the most pessimistic values it at US$184. This shows there is still a bit of diversity in estimates, but analysts don't appear to be totally split on the stock as though it might be a success or failure situation. Of course, another way to look at these forecasts is to place them into context against the industry itself. It's clear from the latest estimates that AbbVie's rate of growth is expected to accelerate meaningfully, with the forecast 9.8% annualised revenue growth to the end of 2026 noticeably faster than its historical growth of 2.0% p.a. over the past five years. By contrast, our data suggests that other companies (with analyst coverage) in a similar industry are forecast to grow their revenue at 21% per year. So it's clear that despite the acceleration in growth, AbbVie is expected to grow meaningfully slower than the industry average. The most important thing to take away is that there's been no major change in sentiment, with the analysts reconfirming that the business is performing in line with their previous earnings per share estimates. Fortunately, the analysts also reconfirmed their revenue estimates, suggesting that it's tracking in line with expectations. Although our data does suggest that AbbVie's revenue is expected to perform worse than the wider industry. There was no real change to the consensus price target, suggesting that the intrinsic value of the business has not undergone any major changes with the latest estimates. With that in mind, we wouldn't be too quick to come to a conclusion on AbbVie. Long-term earnings power is much more important than next year's profits. We have forecasts for AbbVie going out to 2028, and you can see them free on our platform here. Even so, be aware that  AbbVie is showing  5 warning signs in our investment analysis , you should know about... Have feedback on this article? Concerned about the content? Get in touch with us directly. Alternatively, email editorial-team (at) simplywallst.com.This article by Simply Wall St is general in nature. We provide commentary based on historical data and analyst forecasts only using an unbiased methodology and our articles are not intended to be financial advice. It does not constitute a recommendation to buy or sell any stock, and does not take account of your objectives, or your financial situation. We aim to bring you long-term focused analysis driven by fundamental data. Note that our analysis may not factor in the latest price-sensitive company announcements or qualitative material. Simply Wall St has no position in any stocks mentioned. Tip: Try a valid symbol or a specific company name for relevant results",https://uk.finance.yahoo.com/news/abbvie-inc-just-missed-earnings-121245316.html
ABBV,PFA Pension Forsikringsaktieselskab Buys New Shares in AbbVie Inc. $ABBV - MarketBeat,2026-05-02 12:00:45,"PFA Pension Forsikringsaktieselskab bought a new stake in  AbbVie Inc. (NYSE:ABBV - Free Report) in the 4th quarter, according to its most recent Form 13F filing with the Securities and Exchange Commission (SEC). The firm bought 1,053,486 shares of the company's stock, valued at approximately $242,028,000. AbbVie makes up   0.7% of PFA Pension Forsikringsaktieselskab's holdings, making the stock its 17th biggest position. PFA Pension Forsikringsaktieselskab owned about 0.06% of AbbVie as of its most recent SEC filing. Other hedge funds and other institutional investors have also made changes to their positions in the company. Chelsea Counsel Co. bought a new position in shares of  AbbVie in the third quarter valued at $26,000.  Westend Capital Management LLC bought a new position in  AbbVie during the fourth quarter worth $29,000.  Texas Capital Bancshares Inc TX bought a new position in  AbbVie during the third quarter worth $31,000.  WestEnd Advisors LLC boosted its position in  AbbVie by 160.4% during the fourth quarter. WestEnd Advisors LLC now owns 138 shares of the company's stock worth $32,000 after purchasing an additional 85 shares during the period.  Finally, Caitlin John LLC bought a new position in  AbbVie during the third quarter worth $33,000. 70.23% of the stock is owned by institutional investors. A number of equities analysts have commented on ABBV shares. Piper Sandler reduced their price objective on shares of AbbVie from $299.00 to $294.00 and set an ""overweight"" rating for the company in a research report on Thursday, April 23rd. Berenberg Bank  set a $275.00 price objective on shares of AbbVie in a research report on Tuesday, January 20th. Guggenheim  reaffirmed a ""buy"" rating and set a $249.00 price objective on shares of AbbVie in a research report on Friday. Morgan Stanley lifted their price objective on shares of AbbVie from $270.00 to $278.00 and gave the stock an ""overweight"" rating in a research report on Thursday. Finally, Evercore reduced their price objective on shares of AbbVie from $232.00 to $228.00 and set an ""outperform"" rating for the company in a research report on Wednesday, February 4th. Three equities research analysts have rated the stock with a Strong Buy rating, sixteen have assigned  a Buy rating and seven have assigned  a Hold rating to the company. According to MarketBeat, AbbVie currently has a consensus rating of ""Moderate Buy"" and an average price target of $252.90. Here are the key news stories impacting AbbVie this week: In related news, SVP David Ryan Purdue sold 5,230 shares of the business's stock in a transaction dated Wednesday, March 4th. The stock was sold at an average price of $233.56, for a total value of $1,221,518.80. Following the completion of the transaction, the senior vice president owned 2,654 shares of the company's stock, valued at $619,868.24. The trade was a 66.34% decrease in their ownership of the stock. The transaction was disclosed in a document filed with the Securities & Exchange Commission, which is available through this link. Also, EVP Perry C. Siatis sold 22,381 shares of the business's stock in a transaction dated Wednesday, February 25th. The shares were sold at an average price of $230.00, for a total value of $5,147,630.00. Following the completion of the transaction, the executive vice president directly owned 38,137 shares of the company's stock, valued at approximately $8,771,510. This trade represents a 36.98% decrease in their position. The SEC filing for this sale provides additional information. 0.06% of the stock is owned by insiders. Shares of AbbVie stock opened at $206.63 on Friday. The firm has a 50-day moving average of $214.55 and a 200-day moving average of $221.60. The stock has a market cap of $365.36 billion, a PE ratio of 101.79, a PEG ratio of 0.76 and a beta of 0.38. AbbVie Inc. has a 52-week low of $176.57 and a 52-week high of $244.81. AbbVie (NYSE:ABBV - Get Free Report) last announced its earnings results on Wednesday, April 29th. The company reported $2.65 earnings per share (EPS) for the quarter, beating analysts' consensus estimates of $2.59 by $0.06. The company had revenue of $15 billion during the quarter, compared to analysts' expectations of $14.72 billion. AbbVie had a net margin of 5.79% and a negative return on equity of 911.57%. AbbVie's quarterly revenue was up 12.4% on a year-over-year basis. During the same quarter in the previous year, the business posted $2.46 earnings per share.  Equities research analysts predict that  AbbVie Inc. will post 14.21 earnings per share for the current fiscal year. The business also recently declared a quarterly dividend, which will be paid on Friday, May 15th. Investors of record on Wednesday, April 15th will be paid a $1.73 dividend. This represents a $6.92 dividend on an annualized basis and a yield of 3.3%. The ex-dividend date of this dividend is Wednesday, April 15th. AbbVie's payout ratio is 340.89%. AbbVie is a global, research-driven biopharmaceutical company that was created as a spin-off from Abbott Laboratories in 2013 and is headquartered in North Chicago, Illinois. The company focuses on discovering, developing and commercializing therapies for complex and often chronic medical conditions. Its operations span research and development, manufacturing, regulatory affairs and commercialization, with an emphasis on bringing specialty medicines to market across multiple therapeutic areas. AbbVie's product portfolio and pipeline cover several major therapeutic categories, including immunology, oncology, neuroscience, virology and women's health. Want to see what other hedge funds are holding ABBV? Visit HoldingsChannel.com to get the latest 13F filings and insider trades for AbbVie Inc. (NYSE:ABBV - Free Report). This instant news alert was generated by narrative science technology and financial data from MarketBeat in order to provide readers with the fastest reporting and unbiased coverage. Please send any questions or comments about this story to contact@marketbeat.com. Before you consider AbbVie, you'll want to hear this. MarketBeat keeps track of Wall Street's top-rated and best performing research analysts and the stocks they recommend to their clients on a daily basis. MarketBeat has identified the five stocks that top analysts are quietly whispering to their clients to buy now before the broader market catches on... and AbbVie wasn't on the list. While AbbVie currently has a Moderate Buy rating among analysts, top-rated analysts believe these five stocks are better buys. Enter your email address and we’ll send you MarketBeat’s list of ten stocks set to soar in Spring 2026, despite the threat of tariffs and what's happening in Iran. These ten stocks are incredibly resilient and are likely to thrive in any economic environment. Sign up for MarketBeat All Access to gain access to MarketBeat's full suite of research tools. 345 N Reid Place, Suite 620, Sioux Falls, SD 57103
                                        
                                        contact@marketbeat.com
                                        
                                        (844) 978-6257 © MarketBeat Media, LLC 2010-2026. All rights reserved. © 2026   Fair market value prices are updated every minute and are provided by Massive. Other market data provided is at least 10-minutes delayed and hosted by Barchart Solutions.  Information is provided 'as-is' and solely for informational purposes, not for trading purposes or advice, and is delayed. To see all exchange delays and terms of use please see Barchart's disclaimer.",https://www.marketbeat.com/instant-alerts/filing-pfa-pension-forsikringsaktieselskab-buys-new-shares-in-abbvie-inc-abbv-2026-05-02/
ABBV,"AbbVie Inc. (NYSE:ABBV) Given Average Rating of ""Moderate Buy"" by Brokerages - MarketBeat",2026-05-02 06:52:06,"Shares of AbbVie Inc. (NYSE:ABBV - Get Free Report) have been assigned a consensus recommendation of ""Moderate Buy"" from the twenty-six research firms that are currently  covering the company, Marketbeat Ratings reports. Eight research analysts have rated the stock with a hold recommendation, sixteen have assigned  a buy recommendation and two have given a strong buy recommendation to  the company. The average twelve-month target price among brokerages that have updated their coverage on the stock in the last year is $252.9048. A number of brokerages recently commented on ABBV. Royal Bank Of Canada began coverage on shares of AbbVie in a research note on Tuesday, February 24th. They issued an ""outperform"" rating and a $260.00 price target on the stock. Morgan Stanley boosted their price objective on shares of AbbVie from $270.00 to $278.00 and gave the company an ""overweight"" rating in a report on Thursday. Guggenheim  reissued a ""buy"" rating and issued a $249.00 price objective on shares of AbbVie in a report on Friday. Canaccord Genuity Group boosted their price objective on shares of AbbVie from $262.00 to $265.00 and gave the company a ""buy"" rating in a report on Thursday. Finally, The Goldman Sachs Group  reissued a ""neutral"" rating and issued a $223.00 price objective on shares of AbbVie in a report on Wednesday, January 28th. In other AbbVie news, EVP Perry C. Siatis sold 22,381 shares of the business's stock in a transaction dated Wednesday, February 25th. The shares were sold at an average price of $230.00, for a total value of $5,147,630.00. Following the completion of the sale, the executive vice president owned 38,137 shares of the company's stock, valued at $8,771,510. The trade was a 36.98% decrease in their position. The transaction was disclosed in a document filed with the SEC, which is available at the SEC website. Also, SVP David Ryan Purdue sold 5,230 shares of the business's stock in a transaction dated Wednesday, March 4th. The shares were sold at an average price of $233.56, for a total transaction of $1,221,518.80. Following the completion of the sale, the senior vice president directly owned 2,654 shares of the company's stock, valued at $619,868.24. This represents a 66.34% decrease in their position. Additional details regarding this sale are available in the official SEC disclosure. Insiders own  0.06% of the company's stock. Institutional investors have recently bought and sold shares of the business. Norges Bank bought a new stake in shares of  AbbVie during the 4th quarter worth approximately $5,865,055,000.  Wellington Management Group LLP lifted its holdings in shares of  AbbVie by 457.4% during the 3rd quarter. Wellington Management Group LLP now owns 10,536,901 shares of the company's stock worth $2,439,714,000 after acquiring an additional 8,646,424 shares during the period.  Capital World Investors lifted its holdings in shares of  AbbVie by 106.3% during the 4th quarter. Capital World Investors now owns 13,071,444 shares of the company's stock worth $2,986,777,000 after acquiring an additional 6,736,161 shares during the period.  Cardano Risk Management B.V. lifted its holdings in shares of  AbbVie by 914.6% during the 4th quarter. Cardano Risk Management B.V. now owns 5,444,930 shares of the company's stock worth $1,244,112,000 after acquiring an additional 4,908,260 shares during the period.  Finally, Geode Capital Management LLC lifted its holdings in shares of  AbbVie by 10.4% during the 4th quarter. Geode Capital Management LLC now owns 44,629,980 shares of the company's stock worth $10,179,099,000 after acquiring an additional 4,190,487 shares during the period. Institutional investors own  70.23% of the company's stock. Here are the key news stories impacting AbbVie this week: Shares of ABBV opened at $206.63 on Friday. AbbVie has a 52 week low of $176.57 and a 52 week high of $244.81. The firm has a market cap of $365.36 billion, a P/E ratio of 101.79, a price-to-earnings-growth ratio of 0.76 and a beta of 0.38. The firm's 50-day simple moving average is $214.55 and its 200 day simple moving average is $221.60. AbbVie (NYSE:ABBV - Get Free Report) last announced its quarterly earnings results on Wednesday, April 29th. The company reported $2.65 EPS for the quarter, beating analysts' consensus estimates of $2.59 by $0.06. AbbVie had a net margin of 5.79% and a negative return on equity of 911.57%. The business had revenue of $15 billion for the quarter, compared to analyst estimates of $14.72 billion. During the same quarter in the prior year, the business earned $2.46 EPS. AbbVie's quarterly revenue was up 12.4% on a year-over-year basis.  As a group, equities analysts forecast that  AbbVie will post 14.21 earnings per share for the current year. The firm also recently disclosed a quarterly dividend, which will be paid on Friday, May 15th. Shareholders of record on Wednesday, April 15th will be issued a $1.73 dividend. The ex-dividend date of this dividend is Wednesday, April 15th. This represents a $6.92 dividend on an annualized basis and a yield of 3.3%. AbbVie's payout ratio is currently 340.89%. AbbVie is a global, research-driven biopharmaceutical company that was created as a spin-off from Abbott Laboratories in 2013 and is headquartered in North Chicago, Illinois. The company focuses on discovering, developing and commercializing therapies for complex and often chronic medical conditions. Its operations span research and development, manufacturing, regulatory affairs and commercialization, with an emphasis on bringing specialty medicines to market across multiple therapeutic areas. AbbVie's product portfolio and pipeline cover several major therapeutic categories, including immunology, oncology, neuroscience, virology and women's health. This instant news alert was generated by narrative science technology and financial data from MarketBeat in order to provide readers with the fastest reporting and unbiased coverage. Please send any questions or comments about this story to contact@marketbeat.com. Before you consider AbbVie, you'll want to hear this. MarketBeat keeps track of Wall Street's top-rated and best performing research analysts and the stocks they recommend to their clients on a daily basis. MarketBeat has identified the five stocks that top analysts are quietly whispering to their clients to buy now before the broader market catches on... and AbbVie wasn't on the list. While AbbVie currently has a Moderate Buy rating among analysts, top-rated analysts believe these five stocks are better buys. MarketBeat's analysts have just released their top five short plays for May 2026. Learn which stocks have the most short interest and how to trade them. Click the link to see which companies made the list. Sign up for MarketBeat All Access to gain access to MarketBeat's full suite of research tools. 345 N Reid Place, Suite 620, Sioux Falls, SD 57103
                                        
                                        contact@marketbeat.com
                                        
                                        (844) 978-6257 © MarketBeat Media, LLC 2010-2026. All rights reserved. © 2026   Fair market value prices are updated every minute and are provided by Massive. Other market data provided is at least 10-minutes delayed and hosted by Barchart Solutions.  Information is provided 'as-is' and solely for informational purposes, not for trading purposes or advice, and is delayed. To see all exchange delays and terms of use please see Barchart's disclaimer.",https://www.marketbeat.com/instant-alerts/abbvie-inc-nyseabbv-given-average-rating-of-moderate-buy-by-brokerages-2026-05-02/
